device,nobs,nfeats,max_depth,train_evo,train_xgb,infer_evo,infer_xgb
cpu,10000,10,6,0.2504915,0.490954,0.0097498,0.0107846
cpu,100000,10,6,0.5950183,1.7823885,0.0841237,0.0729335
