device,nobs,nfeats,max_depth,train_evo,infer_evo
gpu,1000000,10,6,1.548081778,0.054912032
gpu,1000000,10,11,2.93015354,0.053680618
gpu,1000000,100,6,6.457776937,0.351788032
gpu,1000000,100,11,15.296475741,0.348380739
