device,nobs,nfeats,max_depth,train_evo,infer_evo
gpu,1000000,10,6,1.547374888,0.050902344
gpu,1000000,10,11,2.868026709,0.053476201
gpu,1000000,100,6,6.099676377,0.352239112
gpu,1000000,100,11,13.649006221,0.349603911
