device,nobs,nfeats,max_depth,train_evo,infer_evo
gpu,1000000,10,6,1.592237534,0.05376085
gpu,1000000,10,11,3.033128809,0.051491361
gpu,1000000,100,6,6.697871292,0.32595026
gpu,1000000,100,11,16.075754495,0.347690641
