device,nobs,nfeats,max_depth,train_evo,train_xgb,infer_evo,infer_xgb
cpu,100000,10,6,0.3743021,1.176697,0.0550724,0.0429094
cpu,100000,10,11,1.1436303,1.8938544,0.1259657,0.1382608
cpu,100000,100,6,0.9814852,3.1355962,0.1055696,0.0928166
cpu,100000,100,11,4.616001,6.7854621,0.2106412,0.2003472
cpu,1000000,10,6,3.2015263,11.4682413,0.6143176,0.4112723
cpu,1000000,10,11,6.9050752,14.5805848,1.3154719,1.0993092
cpu,1000000,100,6,9.4400736,28.9168518,1.1881067,1.2226019
cpu,1000000,100,11,25.9319549,39.802335,2.3564482,2.008837
