device,nobs,nfeats,max_depth,train_evo,infer_evo
gpu,1000000,10,6,2.187423191,0.053765155
gpu,1000000,10,11,25.466294761,0.063837231
