device,nobs,nfeats,max_depth,train_evo,infer_evo
gpu,1000000,10,6,1.258161023,0.238996316
gpu,1000000,10,11,2.046779724,0.221923657
gpu,1000000,100,6,4.964355768,0.467239422
gpu,1000000,100,11,10.342349515,0.500084104
