device,nobs,nfeats,max_depth,train_evo,infer_evo
gpu,100000,10,6,3.7576881,0.0359314
gpu,100000,10,11,6.2752105,0.0438456
gpu,100000,100,6,4.0320792,0.0805149
gpu,100000,100,11,3.7381546,0.0751062
gpu,1000000,10,6,2.333035,0.0978752
gpu,1000000,10,11,3.2263362,0.1173728
gpu,1000000,100,6,7.3051655,0.8008448
gpu,1000000,100,11,10.8230631,1.0525034
