device,nobs,nfeats,max_depth,train_evo,infer_evo
gpu,1000000,100,6,2.963693507,0.323471317
gpu,1000000,100,11,5.681906109,0.361451945
